{"train/epoch":0,"_wandb":{"runtime":25},"train/loss_a":1.859351396560669,"train/lr":0.001,"train/global_step":6,"_runtime":25.688581474,"train/loss":1.813194990158081,"_step":6,"train/loss_v":1.9627974033355713,"_timestamp":1.7566985337960258e+09,"train/iter_in_epoch":6}