{"_wandb":{"runtime":18565},"train/loss":1.3782670497894287,"valid/acc":0.6344086021505376,"train/epoch":199,"train/iter_in_epoch":104,"train/lr":1e-05,"best_model_path":"/workspace/emotion_KD250628/MKD/CREMA_D_MKD/MKD/ckpt/best_model_of_dataset_CREMAD_unimodal_visual_optimizer_sgd_epoch_145_acc_0.6438172043010753_20250829162051.pth","epoch":199,"train/global_step":20999,"_timestamp":1.75647061670962e+09,"checkpoint_path":"/workspace/emotion_KD250628/MKD/CREMA_D_MKD/MKD/ckpt/best_model_of_dataset_CREMAD_unimodal_visual_optimizer_sgd_epoch_145_acc_0.6438172043010753_20250829162051.pth","_step":21000,"_runtime":18565.033279189}