{"epoch":199,"train/lr":1e-05,"checkpoint_path":"/workspace/emotion_KD250628/MKD/CREMA_D_MKD/MKD/ckpt/best_model_of_dataset_CREMAD_unimodal_audio_optimizer_sgd_epoch_195_acc_0.5873655913978495_20250829213024.pth","_timestamp":1.7564888912301736e+09,"train/iter_in_epoch":104,"train/global_step":20999,"_step":21000,"train/loss":0.002876001875847578,"_runtime":18266.080210054,"valid/acc":0.5752688172043011,"best_model_path":"/workspace/emotion_KD250628/MKD/CREMA_D_MKD/MKD/ckpt/best_model_of_dataset_CREMAD_unimodal_audio_optimizer_sgd_epoch_195_acc_0.5873655913978495_20250829213024.pth","train/epoch":199,"_wandb":{"runtime":18266}}