{"train/coeff_v":1,"train/loss_a":0.8362733125686646,"train/iter_in_epoch":104,"epoch":199,"_wandb":{"runtime":42536},"train/coeff_a":0.12900793552398682,"train/loss":0.010356909595429897,"valid/acc_a":0.4314516129032258,"best_model_path":"/workspace/emotion_KD250628/MKD/CREMA_D_MKD/MKD/ckpt/best_model_of_dataset_CREMAD_OGM_concat_alpha_0.5_optimizer_sgd_modulate_starts_0_ends_50_epoch_166_acc_0.6693548387096774_20250831010209.pth","valid/acc":0.6653225806451613,"valid/acc_v":0.3024193548387097,"train/loss_v":2.9154505729675293,"_runtime":42536.912573551,"checkpoint_path":"/workspace/emotion_KD250628/MKD/CREMA_D_MKD/MKD/ckpt/best_model_of_dataset_CREMAD_OGM_concat_alpha_0.5_optimizer_sgd_modulate_starts_0_ends_50_epoch_166_acc_0.6693548387096774_20250831010209.pth","train/epoch":199,"train/global_step":20999,"train/lr":1e-05,"_timestamp":1.7566122668430567e+09,"_step":21000}