{"_timestamp":1.7566302275002453e+09,"train/epoch":199,"best_model_path":"/workspace/emotion_KD250628/MKD/CREMA_D_MKD/MKD/ckpt/best_model_of_dataset_CREMAD_unimodal_visual_optimizer_sgd_epoch_145_acc_0.6384408602150538_20250831125114.pth","valid/acc":0.6236559139784946,"train/global_step":20999,"train/lr":1e-05,"train/iter_in_epoch":104,"_runtime":17952.968252274,"train/loss":0.7111093401908875,"checkpoint_path":"/workspace/emotion_KD250628/MKD/CREMA_D_MKD/MKD/ckpt/best_model_of_dataset_CREMAD_unimodal_visual_optimizer_sgd_epoch_145_acc_0.6384408602150538_20250831125114.pth","_wandb":{"runtime":17952},"_step":21000,"epoch":199}