{"valid/acc_v":0.32526881720430106,"train/loss":0.0034542386420071125,"train/global_step":20999,"train/loss_v":2.033430814743042,"train/epoch":199,"train/iter_in_epoch":104,"_step":21000,"valid/acc_a":0.43951612903225806,"_wandb":{"runtime":42652},"_runtime":42652.72761035,"best_model_path":"/workspace/emotion_KD250628/MKD/CREMA_D_MKD/MKD/ckpt/best_model_of_dataset_CREMAD_OGM_GE_concat_alpha_0.5_optimizer_sgd_modulate_starts_0_ends_50_epoch_84_acc_0.6612903225806451_20250830131109.pth","_timestamp":1.7565697230819044e+09,"train/lr":1e-05,"epoch":199,"valid/acc":0.646505376344086,"checkpoint_path":"/workspace/emotion_KD250628/MKD/CREMA_D_MKD/MKD/ckpt/best_model_of_dataset_CREMAD_OGM_GE_concat_alpha_0.5_optimizer_sgd_modulate_starts_0_ends_50_epoch_84_acc_0.6612903225806451_20250830131109.pth","train/coeff_v":1,"train/coeff_a":0.14402180910110474,"train/loss_a":0.4842987060546875}