{"_wandb":{"runtime":38164},"train/loss":0.0006171726854518056,"valid/acc":0.5779569892473119,"valid/acc_v":0.239247311827957,"train/global_step":20999,"train/iter_in_epoch":104,"_runtime":38164.372635443,"train/loss_v":2.405188798904419,"train/lr":1e-05,"epoch":199,"train/epoch":199,"train/loss_a":0.0007044037338346243,"valid/acc_a":0.5376344086021505,"_step":21000,"best_model_path":"/workspace/emotion_KD250628/MKD/CREMA_D_MKD/MKD/ckpt/best_model_of_dataset_CREMAD_Normal_concat_alpha_0.5_optimizer_sgd_modulate_starts_0_ends_50_epoch_59_acc_0.592741935483871_20250830023457.pth","_timestamp":1.7565270623929405e+09,"checkpoint_path":"/workspace/emotion_KD250628/MKD/CREMA_D_MKD/MKD/ckpt/best_model_of_dataset_CREMAD_Normal_concat_alpha_0.5_optimizer_sgd_modulate_starts_0_ends_50_epoch_59_acc_0.592741935483871_20250830023457.pth"}