{"_runtime":17956.122502259,"train/global_step":20999,"best_model_path":"/workspace/emotion_KD250628/MKD/CREMA_D_MKD/MKD/ckpt/best_model_of_dataset_CREMAD_unimodal_audio_optimizer_sgd_epoch_69_acc_0.581989247311828_20250831175034.pth","_step":21000,"train/epoch":199,"train/lr":1e-05,"train/loss":0.0006769559113308787,"epoch":199,"train/iter_in_epoch":104,"_timestamp":1.7566481917540088e+09,"valid/acc":0.5739247311827957,"checkpoint_path":"/workspace/emotion_KD250628/MKD/CREMA_D_MKD/MKD/ckpt/best_model_of_dataset_CREMAD_unimodal_audio_optimizer_sgd_epoch_69_acc_0.581989247311828_20250831175034.pth","_wandb":{"runtime":17956}}